<annotation>
	<folder>collectedimages</folder>
	<filename>good.cd3bde9f-d00d-11ee-af31-586c25a31870.jpg</filename>
	<path>C:\Users\roopadharshini\Downloads\Sign_To_Text_Conversion\Tensorflow\workspace\images\collectedimages\good.cd3bde9f-d00d-11ee-af31-586c25a31870.jpg</path>
	<source>
		<database>Unknown</database>
	</source>
	<size>
		<width>640</width>
		<height>480</height>
		<depth>3</depth>
	</size>
	<segmented>0</segmented>
	<object>
		<name>Good</name>
		<pose>Unspecified</pose>
		<truncated>0</truncated>
		<difficult>0</difficult>
		<bndbox>
			<xmin>343</xmin>
			<ymin>169</ymin>
			<xmax>550</xmax>
			<ymax>460</ymax>
		</bndbox>
	</object>
</annotation>
