<annotation>
	<folder>collectedimages</folder>
	<filename>hello.97ce029c-d00d-11ee-a598-586c25a31870.jpg</filename>
	<path>C:\Users\roopadharshini\Downloads\Sign_To_Text_Conversion\Tensorflow\workspace\images\collectedimages\hello.97ce029c-d00d-11ee-a598-586c25a31870.jpg</path>
	<source>
		<database>Unknown</database>
	</source>
	<size>
		<width>640</width>
		<height>480</height>
		<depth>3</depth>
	</size>
	<segmented>0</segmented>
	<object>
		<name>Hello</name>
		<pose>Unspecified</pose>
		<truncated>0</truncated>
		<difficult>0</difficult>
		<bndbox>
			<xmin>357</xmin>
			<ymin>154</ymin>
			<xmax>633</xmax>
			<ymax>440</ymax>
		</bndbox>
	</object>
</annotation>
