<annotation>
	<folder>collectedimages</folder>
	<filename>hello.9697d03c-d00d-11ee-9002-586c25a31870.jpg</filename>
	<path>C:\Users\roopadharshini\Downloads\Sign_To_Text_Conversion\Tensorflow\workspace\images\collectedimages\hello.9697d03c-d00d-11ee-9002-586c25a31870.jpg</path>
	<source>
		<database>Unknown</database>
	</source>
	<size>
		<width>640</width>
		<height>480</height>
		<depth>3</depth>
	</size>
	<segmented>0</segmented>
	<object>
		<name>Hello</name>
		<pose>Unspecified</pose>
		<truncated>1</truncated>
		<difficult>0</difficult>
		<bndbox>
			<xmin>356</xmin>
			<ymin>155</ymin>
			<xmax>640</xmax>
			<ymax>439</ymax>
		</bndbox>
	</object>
</annotation>
