<annotation>
	<folder>collectedimages</folder>
	<filename>morning.ea5251c9-d00d-11ee-b2cd-586c25a31870.jpg</filename>
	<path>C:\Users\roopadharshini\Downloads\Sign_To_Text_Conversion\Tensorflow\workspace\images\collectedimages\morning.ea5251c9-d00d-11ee-b2cd-586c25a31870.jpg</path>
	<source>
		<database>Unknown</database>
	</source>
	<size>
		<width>640</width>
		<height>480</height>
		<depth>3</depth>
	</size>
	<segmented>0</segmented>
	<object>
		<name>Morning</name>
		<pose>Unspecified</pose>
		<truncated>0</truncated>
		<difficult>0</difficult>
		<bndbox>
			<xmin>350</xmin>
			<ymin>273</ymin>
			<xmax>623</xmax>
			<ymax>384</ymax>
		</bndbox>
	</object>
</annotation>
