<annotation>
	<folder>collectedimages</folder>
	<filename>morning.e442ba98-d00d-11ee-92ac-586c25a31870.jpg</filename>
	<path>C:\Users\roopadharshini\Downloads\Sign_To_Text_Conversion\Tensorflow\workspace\images\collectedimages\morning.e442ba98-d00d-11ee-92ac-586c25a31870.jpg</path>
	<source>
		<database>Unknown</database>
	</source>
	<size>
		<width>640</width>
		<height>480</height>
		<depth>3</depth>
	</size>
	<segmented>0</segmented>
	<object>
		<name>Morning</name>
		<pose>Unspecified</pose>
		<truncated>0</truncated>
		<difficult>0</difficult>
		<bndbox>
			<xmin>349</xmin>
			<ymin>269</ymin>
			<xmax>621</xmax>
			<ymax>360</ymax>
		</bndbox>
	</object>
</annotation>
