<annotation>
	<folder>collectedimages</folder>
	<filename>morning.e7e8d827-d00d-11ee-9112-586c25a31870.jpg</filename>
	<path>C:\Users\roopadharshini\Downloads\Sign_To_Text_Conversion\Tensorflow\workspace\images\collectedimages\morning.e7e8d827-d00d-11ee-9112-586c25a31870.jpg</path>
	<source>
		<database>Unknown</database>
	</source>
	<size>
		<width>640</width>
		<height>480</height>
		<depth>3</depth>
	</size>
	<segmented>0</segmented>
	<object>
		<name>Morning</name>
		<pose>Unspecified</pose>
		<truncated>1</truncated>
		<difficult>0</difficult>
		<bndbox>
			<xmin>363</xmin>
			<ymin>312</ymin>
			<xmax>493</xmax>
			<ymax>480</ymax>
		</bndbox>
	</object>
</annotation>
