<annotation>
	<folder>collectedimages</folder>
	<filename>morning.eb87f501-d00d-11ee-a716-586c25a31870.jpg</filename>
	<path>C:\Users\roopadharshini\Downloads\Sign_To_Text_Conversion\Tensorflow\workspace\images\collectedimages\morning.eb87f501-d00d-11ee-a716-586c25a31870.jpg</path>
	<source>
		<database>Unknown</database>
	</source>
	<size>
		<width>640</width>
		<height>480</height>
		<depth>3</depth>
	</size>
	<segmented>0</segmented>
	<object>
		<name>Morning</name>
		<pose>Unspecified</pose>
		<truncated>1</truncated>
		<difficult>0</difficult>
		<bndbox>
			<xmin>377</xmin>
			<ymin>302</ymin>
			<xmax>541</xmax>
			<ymax>480</ymax>
		</bndbox>
	</object>
</annotation>
