<annotation>
	<folder>collectedimages</folder>
	<filename>sorry.08c93655-d00e-11ee-b5d0-586c25a31870.jpg</filename>
	<path>C:\Users\roopadharshini\Downloads\Sign_To_Text_Conversion\Tensorflow\workspace\images\collectedimages\sorry.08c93655-d00e-11ee-b5d0-586c25a31870.jpg</path>
	<source>
		<database>Unknown</database>
	</source>
	<size>
		<width>640</width>
		<height>480</height>
		<depth>3</depth>
	</size>
	<segmented>0</segmented>
	<object>
		<name>Sorry</name>
		<pose>Unspecified</pose>
		<truncated>1</truncated>
		<difficult>0</difficult>
		<bndbox>
			<xmin>179</xmin>
			<ymin>361</ymin>
			<xmax>312</xmax>
			<ymax>480</ymax>
		</bndbox>
	</object>
</annotation>
