<annotation>
	<folder>collectedimages</folder>
	<filename>sorry.feeaf719-d00d-11ee-a00a-586c25a31870.jpg</filename>
	<path>C:\Users\roopadharshini\Downloads\Sign_To_Text_Conversion\Tensorflow\workspace\images\collectedimages\sorry.feeaf719-d00d-11ee-a00a-586c25a31870.jpg</path>
	<source>
		<database>Unknown</database>
	</source>
	<size>
		<width>640</width>
		<height>480</height>
		<depth>3</depth>
	</size>
	<segmented>0</segmented>
	<object>
		<name>Sorry</name>
		<pose>Unspecified</pose>
		<truncated>0</truncated>
		<difficult>0</difficult>
		<bndbox>
			<xmin>193</xmin>
			<ymin>325</ymin>
			<xmax>346</xmax>
			<ymax>470</ymax>
		</bndbox>
	</object>
</annotation>
