<annotation>
	<folder>collectedimages</folder>
	<filename>sorry.0da28ea5-d00e-11ee-a9e9-586c25a31870.jpg</filename>
	<path>C:\Users\roopadharshini\Downloads\Sign_To_Text_Conversion\Tensorflow\workspace\images\collectedimages\sorry.0da28ea5-d00e-11ee-a9e9-586c25a31870.jpg</path>
	<source>
		<database>Unknown</database>
	</source>
	<size>
		<width>640</width>
		<height>480</height>
		<depth>3</depth>
	</size>
	<segmented>0</segmented>
	<object>
		<name>Sorry</name>
		<pose>Unspecified</pose>
		<truncated>0</truncated>
		<difficult>0</difficult>
		<bndbox>
			<xmin>364</xmin>
			<ymin>325</ymin>
			<xmax>508</xmax>
			<ymax>474</ymax>
		</bndbox>
	</object>
</annotation>
