<annotation>
	<folder>collectedimages</folder>
	<filename>thanks.bd6a244a-d00d-11ee-8452-586c25a31870.jpg</filename>
	<path>C:\Users\roopadharshini\Downloads\Sign_To_Text_Conversion\Tensorflow\workspace\images\collectedimages\thanks.bd6a244a-d00d-11ee-8452-586c25a31870.jpg</path>
	<source>
		<database>Unknown</database>
	</source>
	<size>
		<width>640</width>
		<height>480</height>
		<depth>3</depth>
	</size>
	<segmented>0</segmented>
	<object>
		<name>Thank you</name>
		<pose>Unspecified</pose>
		<truncated>0</truncated>
		<difficult>0</difficult>
		<bndbox>
			<xmin>175</xmin>
			<ymin>227</ymin>
			<xmax>344</xmax>
			<ymax>473</ymax>
		</bndbox>
	</object>
</annotation>
